ticker,signal,signal_age,category,score,score_smoothed,combo_score,active_combos,price,atr_pct,swing_target,swing_stop,ma60,pct_from_ma60,rsi,macd_hist,adx,vol_ratio,bb_squeeze,obv_new_high,near_52w_high,consolidation,perf_30d,last_date
COP,ABOVE_MA60,99,🟡 MITTEL,41.2,41.2,15,📊 FULL MOMENTUM,121.89,2.91,128.99,116.56,103.4,17.88,70.4,0.1795,32.2,1.07,False,True,True,False,17.85,2026-03-13
MGM,RECENT_CROSS,2,🟡 MITTEL,40.9,40.9,0,,36.68,4.35,39.87,34.29,35.66,2.87,53.9,-0.0027,15.8,0.74,False,True,False,False,9.36,2026-03-13
DVN,ABOVE_MA60,99,🟡 MITTEL,40.3,40.3,15,📊 FULL MOMENTUM,46.25,3.09,49.11,44.1,40.12,15.28,66.0,0.0429,28.5,0.88,False,True,True,False,15.62,2026-03-13
CTRA,ABOVE_MA60,99,🟡 MITTEL,40.0,40.0,15,📊 FULL MOMENTUM,32.15,3.1,34.15,30.65,28.2,13.99,64.1,0.0063,26.7,1.1,False,True,True,False,12.25,2026-03-13
AWK,ABOVE_MA60,99,🟡 MITTEL,37.6,37.6,15,📊 FULL MOMENTUM,139.69,2.54,146.8,134.36,130.61,6.95,63.3,0.2708,24.6,0.56,False,True,True,False,8.91,2026-03-13
MOS,RECENT_CROSS,2,🟡 MITTEL,37.5,37.5,0,,29.31,5.68,32.64,26.81,26.92,8.88,56.0,0.2598,29.5,1.92,False,False,False,False,7.48,2026-03-13
APA,ABOVE_MA60,99,🟡 MITTEL,37.2,37.2,0,,34.47,4.29,37.43,32.25,27.12,27.09,73.3,0.2621,48.2,0.86,False,True,True,False,30.52,2026-03-13
VRSN,CROSSOVER_UP,0,🟡 MITTEL,35.9,35.9,0,,238.6,2.77,251.81,228.69,237.3,0.55,57.2,1.9166,39.7,0.61,False,False,False,False,-1.94,2026-03-13
DELL,ABOVE_MA60,99,🟡 MITTEL,33.7,33.7,0,,151.62,5.37,167.9,139.41,125.74,20.58,67.5,1.2795,34.6,0.66,False,False,False,False,32.49,2026-03-13
ED,ABOVE_MA60,99,🟡 MITTEL,33.6,33.6,0,,114.88,1.83,119.08,111.73,105.35,9.05,67.0,-0.1197,20.0,0.48,True,False,True,True,8.58,2026-03-13
VTR,ABOVE_MA60,99,🟡 MITTEL,33.2,33.2,0,,86.56,1.78,89.64,84.25,80.87,7.04,63.6,-0.2955,29.5,1.9,True,False,True,True,11.45,2026-03-13
CRWD,RECENT_CROSS,2,🟡 MITTEL,32.4,32.4,0,,441.78,4.22,479.09,413.8,437.65,0.94,59.5,8.461,38.5,0.42,False,False,False,False,0.08,2026-03-13
FFIV,ABOVE_MA60,99,🟡 MITTEL,31.6,31.6,0,,289.31,3.17,307.67,275.54,272.0,6.36,58.3,0.6076,12.8,0.87,False,True,False,False,4.97,2026-03-13
ATO,ABOVE_MA60,99,🟡 MITTEL,31.5,31.5,0,,188.58,1.65,194.81,183.91,173.03,8.99,72.8,-0.1654,41.1,0.61,False,True,True,True,14.0,2026-03-13
XOM,ABOVE_MA60,99,⬇ SCHWACH,29.8,29.8,0,,156.12,2.61,164.27,150.01,136.88,14.06,64.9,-0.3691,26.1,0.81,False,False,True,False,11.15,2026-03-13
KR,ABOVE_MA60,99,⬇ SCHWACH,29.2,29.2,0,,75.6,2.88,79.95,72.34,65.48,15.46,68.1,0.451,36.4,0.68,False,False,True,False,20.89,2026-03-13
TRGP,ABOVE_MA60,99,⬇ SCHWACH,29.1,29.1,0,,240.05,2.93,254.11,229.5,204.72,17.25,68.3,-1.3204,38.5,0.39,False,False,True,False,19.44,2026-03-13
EOG,ABOVE_MA60,99,⬇ SCHWACH,29.0,29.0,0,,133.6,2.92,141.41,127.74,113.69,17.52,70.4,0.2345,47.0,0.65,False,True,True,False,19.15,2026-03-13
NEE,ABOVE_MA60,99,⬇ SCHWACH,28.6,28.6,0,,92.78,2.34,97.12,89.53,86.33,7.47,58.7,-0.3737,24.3,0.58,True,False,True,True,6.27,2026-03-13
AKAM,ABOVE_MA60,99,⬇ SCHWACH,28.3,28.3,0,,107.67,4.0,116.28,101.21,95.7,12.5,61.0,0.3674,27.1,0.62,False,False,False,False,10.83,2026-03-13
YUM,RECENT_CROSS,1,⬇ SCHWACH,28.3,28.3,0,,160.4,2.31,167.81,154.84,157.01,2.16,51.1,-0.7622,19.2,0.47,False,False,False,False,3.63,2026-03-13
MU,ABOVE_MA60,99,⬇ SCHWACH,27.4,27.4,0,,426.13,5.99,477.19,387.83,367.94,15.81,57.1,-0.837,17.3,1.22,True,False,False,False,2.71,2026-03-13
SNDK,ABOVE_MA60,99,⬇ SCHWACH,27.3,27.3,0,,661.62,7.54,761.33,586.83,481.16,37.5,58.7,-3.1534,21.4,0.95,True,False,False,False,14.81,2026-03-13
TPL,ABOVE_MA60,99,⬇ SCHWACH,26.7,26.7,0,,531.13,4.74,581.52,493.34,386.84,37.3,69.5,-4.7434,63.6,0.57,False,True,True,False,52.64,2026-03-13
WM,ABOVE_MA60,99,⬇ SCHWACH,25.7,25.7,0,,238.53,2.29,249.48,230.32,227.04,5.06,56.3,-0.5807,27.8,0.86,False,True,True,False,7.76,2026-03-13
DUK,ABOVE_MA60,99,⬇ SCHWACH,25.6,25.6,0,,133.15,1.74,137.8,129.67,121.89,9.24,69.9,-0.1532,30.6,0.8,False,False,True,True,10.66,2026-03-13
CSCO,CROSSOVER_UP,0,⬇ SCHWACH,25.3,25.3,0,,78.33,2.45,82.16,75.46,77.9,0.55,49.0,-0.1966,20.5,0.74,True,False,False,False,0.01,2026-03-13
LIN,ABOVE_MA60,99,⬇ SCHWACH,24.9,24.9,0,,493.92,2.19,515.58,477.67,457.82,7.88,58.9,-2.7445,34.0,0.91,False,False,True,False,8.45,2026-03-13
EBAY,ABOVE_MA60,99,⬇ SCHWACH,24.9,24.9,0,,91.34,3.19,97.16,86.98,88.59,3.1,55.3,0.42,25.2,0.71,False,True,False,False,0.47,2026-03-13
INTC,RECENT_CROSS,4,⬇ SCHWACH,24.2,24.2,0,,45.77,5.52,50.82,41.98,44.43,3.02,50.0,0.0494,13.9,0.86,True,False,False,False,-1.51,2026-03-13
BG,ABOVE_MA60,99,⬇ SCHWACH,24.1,24.1,0,,124.73,3.34,133.05,118.49,109.28,14.14,64.2,0.0893,35.3,1.03,False,False,True,False,10.16,2026-03-13
CCI,CROSSOVER_UP,0,⬇ SCHWACH,24.0,24.0,0,,87.47,2.74,92.26,83.88,86.17,1.5,51.5,-0.2167,17.6,0.5,False,False,False,False,2.02,2026-03-13
NFLX,ABOVE_MA60,99,⬇ SCHWACH,23.9,23.9,0,,95.31,3.61,102.2,90.15,88.15,8.12,62.0,0.6347,44.1,0.53,False,False,False,False,14.16,2026-03-13
FANG,ABOVE_MA60,99,⬇ SCHWACH,23.8,23.8,0,,182.37,3.81,196.28,171.94,160.45,13.66,64.6,-0.0808,29.7,1.1,False,False,True,False,11.9,2026-03-13
ADM,ABOVE_MA60,99,⬇ SCHWACH,23.6,23.6,0,,71.98,3.14,76.5,68.59,64.82,11.04,66.3,0.2944,30.7,1.05,False,False,True,False,7.74,2026-03-13
LNT,ABOVE_MA60,99,⬇ SCHWACH,23.5,23.5,0,,72.79,1.71,75.27,70.93,67.67,7.56,66.9,-0.1498,21.1,0.52,False,False,True,True,10.44,2026-03-13
TMUS,ABOVE_MA60,99,⬇ SCHWACH,23.4,23.4,0,,217.39,2.32,227.49,209.81,202.54,7.33,56.8,-1.0267,20.9,0.46,True,True,False,False,10.76,2026-03-13
PNW,ABOVE_MA60,99,⬇ SCHWACH,22.6,22.6,0,,102.91,2.07,107.17,99.71,93.86,9.64,67.7,-0.1779,34.8,0.54,False,False,True,True,11.07,2026-03-13
APD,ABOVE_MA60,99,⬇ SCHWACH,22.6,22.6,0,,287.98,2.42,301.91,277.54,267.57,7.63,62.1,0.5006,33.6,0.66,True,False,True,False,5.68,2026-03-13
CNP,ABOVE_MA60,99,⬇ SCHWACH,22.5,22.5,0,,44.01,1.84,45.63,42.79,40.26,9.31,67.1,-0.1025,26.8,0.53,False,False,True,True,11.5,2026-03-13
CVX,ABOVE_MA60,99,⬇ SCHWACH,22.5,22.5,0,,196.82,2.12,205.18,190.55,170.93,15.15,71.9,0.2088,36.9,0.9,False,False,True,False,12.35,2026-03-13
KMI,ABOVE_MA60,99,⬇ SCHWACH,22.2,22.2,0,,33.39,1.84,34.62,32.47,29.87,11.77,66.5,-0.174,41.7,0.78,False,False,True,True,10.57,2026-03-13
MSI,ABOVE_MA60,99,⬇ SCHWACH,22.2,22.2,0,,473.12,2.03,492.36,458.69,418.5,13.05,64.9,-3.141,33.4,0.98,False,False,True,False,17.53,2026-03-13
EIX,ABOVE_MA60,99,⬇ SCHWACH,22.1,22.1,0,,71.73,2.54,75.37,69.0,65.0,10.35,57.0,-0.705,38.2,0.52,False,False,True,False,15.17,2026-03-13
SNA,CROSSOVER_UP,0,⬇ SCHWACH,22.1,22.1,0,,367.51,2.3,384.44,354.81,366.42,0.3,41.5,-2.9157,37.1,0.81,False,False,False,False,1.02,2026-03-13
EXC,ABOVE_MA60,99,⬇ SCHWACH,21.9,21.9,0,,49.82,1.82,51.63,48.46,45.31,9.95,69.7,-0.0395,29.9,0.84,False,False,True,False,12.21,2026-03-13
FE,ABOVE_MA60,99,⬇ SCHWACH,21.8,21.8,0,,51.16,1.7,52.9,49.85,47.23,8.33,67.5,-0.1202,25.0,1.02,False,True,True,True,9.1,2026-03-13
PPL,ABOVE_MA60,99,⬇ SCHWACH,21.6,21.6,0,,38.51,2.15,40.16,37.27,36.1,6.68,61.4,-0.0475,24.5,0.68,True,False,True,True,7.03,2026-03-13
WMT,ABOVE_MA60,99,⬇ SCHWACH,21.5,21.5,0,,126.52,2.24,132.2,122.26,121.01,4.56,53.7,-0.4246,20.4,0.61,False,False,False,False,6.19,2026-03-13
SO,ABOVE_MA60,99,⬇ SCHWACH,21.5,21.5,0,,98.01,1.6,101.14,95.66,90.3,8.53,66.9,-0.1351,30.9,0.93,False,False,True,True,10.6,2026-03-13
PM,CROSSOVER_UP,0,⬇ SCHWACH,21.3,21.3,0,,174.66,3.04,185.27,166.7,172.69,1.14,46.7,-1.652,38.6,1.1,False,False,False,False,-2.66,2026-03-13
WELL,ABOVE_MA60,99,⬇ SCHWACH,21.3,21.3,0,,207.82,2.04,216.31,201.45,194.68,6.75,58.9,-0.8445,22.7,0.61,True,False,True,False,10.72,2026-03-13
WEC,ABOVE_MA60,99,⬇ SCHWACH,20.9,20.9,0,,117.35,1.72,121.38,114.33,109.96,6.72,62.5,-0.3062,23.9,0.6,True,False,True,True,6.93,2026-03-13
MPC,ABOVE_MA60,99,⬇ SCHWACH,20.9,20.9,0,,226.18,4.05,244.5,212.44,187.4,20.7,67.6,1.4452,56.6,0.97,False,False,True,False,29.02,2026-03-13
VLO,ABOVE_MA60,99,⬇ SCHWACH,20.9,20.9,0,,230.59,3.87,248.43,217.21,190.61,20.97,67.2,1.443,58.6,1.17,False,False,True,False,27.87,2026-03-13
MCD,ABOVE_MA60,99,⬇ SCHWACH,20.8,20.8,0,,326.46,1.62,337.03,318.54,317.27,2.9,51.0,-1.4751,27.1,0.69,True,False,True,False,4.22,2026-03-13
PSX,ABOVE_MA60,99,⬇ SCHWACH,20.7,20.7,0,,172.74,3.36,184.35,164.03,146.26,18.11,71.9,0.956,52.2,1.11,False,False,True,False,21.32,2026-03-13
EQT,ABOVE_MA60,99,⬇ SCHWACH,20.7,20.7,0,,64.37,2.47,67.54,61.99,56.32,14.29,71.3,0.2347,53.0,0.71,False,False,True,False,11.82,2026-03-13
WMB,ABOVE_MA60,99,⬇ SCHWACH,20.4,20.4,0,,73.34,2.06,76.36,71.08,66.09,10.96,59.9,-0.4881,33.8,0.59,True,False,True,False,9.82,2026-03-13
OKE,ABOVE_MA60,99,⬇ SCHWACH,20.2,20.2,0,,85.36,3.24,90.9,81.21,78.54,8.68,55.9,-0.3698,28.0,0.53,True,False,True,False,9.27,2026-03-13
ETR,ABOVE_MA60,99,⬇ SCHWACH,19.6,19.6,0,,105.58,2.01,109.82,102.4,97.81,7.95,61.7,-0.473,23.3,0.51,False,False,True,True,10.83,2026-03-13
DOW,ABOVE_MA60,99,⬇ SCHWACH,19.4,19.4,0,,36.62,4.74,40.09,34.02,28.52,28.4,69.8,0.4451,36.3,1.1,False,False,True,False,34.5,2026-03-13
JBL,RECENT_CROSS,4,⬇ SCHWACH,19.2,19.2,0,,250.65,4.24,271.93,234.69,245.04,2.29,47.8,-1.9319,27.8,0.56,False,False,False,False,5.71,2026-03-13
SRE,ABOVE_MA60,99,⬇ SCHWACH,19.0,19.0,0,,95.11,2.33,99.54,91.79,90.14,5.52,60.8,-0.2572,24.9,0.57,True,False,True,False,9.31,2026-03-13
DTE,ABOVE_MA60,99,⬇ SCHWACH,18.5,18.5,0,,149.57,1.82,155.03,145.48,137.51,8.77,65.2,-0.3566,27.5,0.52,False,False,True,True,11.3,2026-03-13
AEP,ABOVE_MA60,99,⬇ SCHWACH,18.5,18.5,0,,133.61,1.79,138.39,130.03,121.77,9.72,67.0,-0.4225,34.8,0.93,False,False,True,True,12.43,2026-03-13
XEL,ABOVE_MA60,99,⬇ SCHWACH,18.3,18.3,0,,81.91,1.77,84.81,79.74,76.86,6.57,59.7,-0.3794,30.0,0.96,False,False,True,True,8.49,2026-03-13
TGT,ABOVE_MA60,99,⬇ SCHWACH,18.3,18.3,0,,117.34,3.36,125.23,111.42,108.49,8.16,54.6,-0.4917,35.0,0.62,True,False,False,False,12.39,2026-03-13
COST,ABOVE_MA60,99,⬇ SCHWACH,18.1,18.1,0,,1008.43,1.92,1047.12,979.41,951.56,5.98,57.2,-1.7066,20.1,0.71,True,False,False,False,7.25,2026-03-13
DLR,ABOVE_MA60,99,⬇ SCHWACH,18.0,18.0,0,,179.61,2.48,188.52,172.93,165.23,8.7,60.4,-0.3859,22.6,0.72,True,False,True,False,8.97,2026-03-13
JKHY,BELOW_MA60,99,⬇ SCHWACH,17.8,17.8,0,,168.77,2.9,178.56,161.43,175.33,-3.74,51.9,1.3139,31.3,0.8,False,False,False,False,-5.48,2026-03-13
MO,ABOVE_MA60,99,⬇ SCHWACH,17.7,17.7,0,,67.89,2.0,70.61,65.85,62.89,7.95,57.8,-0.3819,26.9,0.86,False,False,True,False,9.52,2026-03-13
NI,ABOVE_MA60,99,⬇ SCHWACH,17.6,17.6,0,,47.39,2.05,49.34,45.93,44.03,7.63,61.8,-0.1089,19.9,0.67,True,False,True,True,7.73,2026-03-13
KLAC,CROSSOVER_UP,0,⬇ SCHWACH,17.5,17.5,0,,1418.64,5.08,1562.8,1310.52,1417.69,0.07,46.7,-9.7175,26.4,1.3,False,False,False,False,-0.52,2026-03-13
EXR,CROSSOVER_UP,0,⬇ SCHWACH,17.5,17.5,0,,141.37,2.69,148.97,135.67,140.75,0.44,42.8,-1.3473,26.7,0.43,False,False,False,False,2.46,2026-03-13
CB,ABOVE_MA60,99,⬇ SCHWACH,17.4,17.4,0,,328.97,1.96,341.83,319.32,317.46,3.62,53.0,-1.7862,28.4,0.92,False,False,True,False,6.58,2026-03-13
OXY,ABOVE_MA60,99,⬇ SCHWACH,17.2,17.2,0,,57.88,3.62,62.07,54.74,46.0,25.83,72.3,0.3311,44.7,0.78,False,False,True,False,28.12,2026-03-13
CIEN,ABOVE_MA60,99,⬇ SCHWACH,17.0,17.0,0,,337.38,7.73,389.57,298.24,274.15,23.07,58.3,-2.6745,19.6,0.73,False,False,False,False,33.98,2026-03-13
WDC,ABOVE_MA60,99,⬇ SCHWACH,17.0,17.0,0,,272.29,6.86,309.63,244.29,239.69,13.6,53.2,-2.3052,13.7,0.87,False,False,False,False,8.87,2026-03-13
HCA,ABOVE_MA60,99,⬇ SCHWACH,16.7,16.7,0,,532.97,2.71,561.82,511.33,500.2,6.55,54.2,-2.1466,37.2,0.71,True,False,True,False,9.15,2026-03-13
PCG,ABOVE_MA60,99,⬇ SCHWACH,16.6,16.6,0,,18.14,2.26,18.96,17.52,16.66,8.91,57.0,-0.1648,28.4,0.86,True,False,False,False,17.64,2026-03-13
EXE,RECENT_CROSS,2,⬇ SCHWACH,16.6,16.6,0,,107.02,3.05,113.55,102.12,106.25,0.73,51.7,0.294,23.5,0.64,True,False,False,False,-4.28,2026-03-13
LYB,ABOVE_MA60,99,⬇ SCHWACH,16.4,16.4,0,,72.3,4.66,79.04,67.24,52.54,37.62,75.1,1.1738,42.2,1.19,False,False,True,False,49.34,2026-03-13
CMS,ABOVE_MA60,99,⬇ SCHWACH,16.2,16.2,0,,77.83,1.63,80.37,75.92,72.62,7.17,64.3,-0.2239,23.7,0.54,False,False,True,True,9.68,2026-03-13
AEE,ABOVE_MA60,99,⬇ SCHWACH,15.9,15.9,0,,112.04,1.73,115.93,109.13,104.42,7.3,63.3,-0.3373,20.9,0.78,False,False,True,True,9.22,2026-03-13
CTAS,CROSSOVER_UP,0,⬇ SCHWACH,15.8,15.8,0,,194.28,2.9,205.54,185.83,193.72,0.29,44.6,-1.0071,27.8,0.98,False,False,False,False,1.74,2026-03-13
CME,ABOVE_MA60,99,⬇ SCHWACH,15.6,15.6,0,,311.4,2.33,325.94,300.5,285.15,9.21,59.8,-1.2167,23.2,0.9,False,False,True,False,10.3,2026-03-13
EVRG,ABOVE_MA60,99,⬇ SCHWACH,15.6,15.6,0,,82.63,1.95,85.86,80.21,76.92,7.43,60.7,-0.2922,22.5,0.7,False,False,True,False,8.6,2026-03-13
VZ,ABOVE_MA60,99,⬇ SCHWACH,15.2,15.2,0,,51.38,1.84,53.27,49.96,44.27,16.07,71.7,-0.2258,47.6,0.79,False,False,True,True,15.41,2026-03-13
ZBH,RECENT_CROSS,2,⬇ SCHWACH,15.1,15.1,0,,93.2,2.85,98.52,89.21,91.96,1.34,46.3,-0.8668,44.1,0.69,False,False,False,False,7.04,2026-03-13
ANET,RECENT_CROSS,4,⬇ SCHWACH,14.8,14.8,0,,133.57,4.67,146.06,124.2,133.85,-0.21,48.6,0.2424,14.6,0.64,False,False,False,False,-5.76,2026-03-13
REG,ABOVE_MA60,99,⬇ SCHWACH,14.8,14.8,0,,76.58,1.87,79.45,74.43,72.62,5.45,53.1,-0.3952,38.0,0.56,False,False,True,True,6.12,2026-03-13
EQIX,ABOVE_MA60,99,⬇ SCHWACH,14.5,14.5,0,,969.9,2.45,1017.45,934.24,845.61,14.7,65.5,-3.8342,29.6,0.59,False,False,True,False,18.79,2026-03-13
TRV,ABOVE_MA60,99,⬇ SCHWACH,14.2,14.2,0,,302.49,2.06,314.94,293.15,291.33,3.83,54.6,-1.2912,23.3,0.55,True,False,True,False,6.71,2026-03-13
CF,ABOVE_MA60,99,⬇ SCHWACH,14.1,14.1,0,,129.57,6.01,145.15,117.88,92.07,40.73,72.7,2.7131,53.4,1.56,False,False,False,False,39.72,2026-03-13
BALL,ABOVE_MA60,99,⬇ SCHWACH,14.0,14.0,0,,62.19,2.35,65.11,60.0,59.4,4.69,44.4,-0.8219,41.9,0.69,False,False,False,False,9.68,2026-03-13
SYY,ABOVE_MA60,99,⬇ SCHWACH,14.0,14.0,0,,85.49,2.15,89.16,82.74,81.51,4.89,47.9,-0.8439,40.7,0.58,False,False,False,False,1.96,2026-03-13
DPZ,BELOW_MA60,99,⬇ SCHWACH,13.8,13.8,0,,401.62,2.97,425.47,383.74,404.04,-0.6,51.9,0.223,19.5,0.74,False,False,False,False,-1.63,2026-03-13
ADSK,BELOW_MA60,99,⬇ SCHWACH,13.7,13.7,0,,251.17,3.27,267.59,238.86,261.64,-4.0,51.9,2.2658,31.6,0.57,False,False,False,False,-0.67,2026-03-13
CINF,RECENT_CROSS,3,⬇ SCHWACH,13.6,13.6,0,,163.82,2.22,171.09,158.37,163.88,-0.04,48.3,-0.2657,13.3,0.96,False,False,False,False,1.82,2026-03-13
CTVA,ABOVE_MA60,99,⬇ SCHWACH,13.3,13.3,0,,79.21,2.51,83.18,76.23,72.62,9.07,59.6,-0.1336,25.9,1.05,False,False,True,False,9.05,2026-03-13
COIN,BELOW_MA60,99,⬇ SCHWACH,13.2,13.2,0,,195.53,6.8,222.13,175.58,206.63,-5.37,53.0,3.3533,33.5,0.81,False,False,False,False,0.41,2026-03-13
DDOG,RECENT_CROSS,2,⬇ SCHWACH,13.1,13.1,0,,124.52,5.24,137.57,114.74,126.15,-1.29,52.8,1.8597,18.1,0.7,False,False,False,False,-3.71,2026-03-13
TXT,RECENT_CROSS,2,⬇ SCHWACH,13.0,13.0,0,,91.05,3.02,96.55,86.92,93.37,-2.49,38.1,-1.11,43.2,0.49,False,False,False,False,3.42,2026-03-13
TTD,BELOW_MA60,99,⬇ SCHWACH,13.0,13.0,0,,27.34,7.58,31.48,24.23,31.6,-13.47,48.8,0.5468,32.4,0.56,False,False,False,False,-9.86,2026-03-13
D,ABOVE_MA60,99,⬇ SCHWACH,12.9,12.9,0,,63.21,1.9,65.61,61.41,60.84,3.89,54.8,-0.1889,22.8,0.68,False,False,False,True,6.17,2026-03-13
SBUX,ABOVE_MA60,99,⬇ SCHWACH,12.9,12.9,0,,99.15,2.58,104.28,95.31,93.01,6.61,56.8,0.0511,23.2,1.17,False,False,True,False,8.53,2026-03-13
KIM,ABOVE_MA60,99,⬇ SCHWACH,12.7,12.7,0,,22.91,1.81,23.74,22.29,21.37,7.18,58.3,-0.116,26.8,0.36,False,False,True,True,9.9,2026-03-13
DRI,RECENT_CROSS,3,⬇ SCHWACH,12.6,12.6,0,,202.37,3.04,214.69,193.13,203.17,-0.39,44.3,-1.6045,36.5,0.72,False,False,False,False,1.51,2026-03-13
LDOS,BELOW_MA60,99,⬇ SCHWACH,12.6,12.6,0,,173.86,2.9,183.95,166.29,183.95,-5.48,44.9,0.2855,24.5,0.41,False,True,False,False,-7.66,2026-03-13
HII,ABOVE_MA60,99,⬇ SCHWACH,12.6,12.6,0,,415.71,3.89,448.05,391.45,400.19,3.88,47.2,-4.4053,27.1,0.6,True,False,False,False,-0.83,2026-03-13
RTX,ABOVE_MA60,99,⬇ SCHWACH,12.5,12.5,0,,204.52,3.0,216.77,195.33,195.89,4.41,52.6,-0.4295,14.2,0.66,False,False,True,False,2.12,2026-03-13
HPQ,BELOW_MA60,99,⬇ SCHWACH,12.4,12.4,0,,18.93,3.93,20.42,17.82,19.96,-5.17,50.4,0.1255,14.1,0.62,True,False,False,False,-1.04,2026-03-13
PEG,ABOVE_MA60,99,⬇ SCHWACH,12.0,12.0,0,,83.73,2.11,87.26,81.08,81.14,3.19,54.2,-0.3231,26.3,0.59,False,False,False,False,2.48,2026-03-13
GILD,ABOVE_MA60,99,⬇ SCHWACH,12.0,12.0,0,,144.99,2.48,152.2,139.59,136.39,6.31,50.3,-0.9974,17.1,0.64,False,False,False,False,2.72,2026-03-13
KO,ABOVE_MA60,99,⬇ SCHWACH,12.0,12.0,0,,77.34,1.68,79.95,75.39,74.06,4.43,50.9,-0.4813,22.5,0.52,False,False,False,False,4.09,2026-03-13
T,ABOVE_MA60,99,⬇ SCHWACH,11.9,11.9,0,,27.72,2.41,29.06,26.72,25.88,7.11,52.3,-0.2355,30.6,0.67,False,False,False,False,5.76,2026-03-13
TTWO,BELOW_MA60,99,⬇ SCHWACH,11.7,11.7,0,,208.58,3.27,222.22,198.35,227.33,-8.25,45.7,1.2185,28.2,0.74,False,False,False,False,-5.32,2026-03-13
UNH,BELOW_MA60,99,⬇ SCHWACH,11.4,11.4,0,,282.09,3.0,299.03,269.38,306.18,-7.87,45.1,0.7798,25.0,0.57,True,False,False,False,-0.92,2026-03-13
HPE,BELOW_MA60,99,⬇ SCHWACH,11.3,11.3,0,,21.58,3.69,23.17,20.38,22.37,-3.54,49.1,0.0623,15.2,0.75,True,False,False,False,0.28,2026-03-13
ROST,ABOVE_MA60,99,⬇ SCHWACH,11.3,11.3,0,,206.28,2.9,218.26,197.29,193.03,6.87,56.0,-0.1562,34.7,0.91,False,False,True,False,9.58,2026-03-13
VRSK,BELOW_MA60,99,⬇ SCHWACH,11.3,11.3,0,,201.22,3.83,216.62,189.67,207.21,-2.89,49.8,0.4078,27.1,0.41,False,False,False,False,-7.23,2026-03-13
MOH,BELOW_MA60,99,⬇ SCHWACH,11.0,11.0,0,,149.2,5.04,164.23,137.93,164.18,-9.12,48.2,1.2964,16.0,0.83,True,False,False,False,-16.92,2026-03-13
COR,RECENT_CROSS,1,⬇ SCHWACH,10.8,10.8,0,,349.95,2.31,366.11,337.83,352.12,-0.62,42.3,-2.3958,30.1,0.76,False,False,False,False,-2.41,2026-03-13
STZ,BELOW_MA60,99,⬇ SCHWACH,10.6,10.6,0,,150.14,2.7,158.26,144.05,151.87,-1.14,44.7,-0.7529,28.4,0.5,True,False,False,False,-4.19,2026-03-13
IRM,ABOVE_MA60,99,⬇ SCHWACH,10.4,10.4,0,,106.84,3.22,113.73,101.68,95.58,11.78,55.7,-0.9072,24.3,0.47,True,False,False,False,15.97,2026-03-13
MNST,BELOW_MA60,99,⬇ SCHWACH,10.3,10.3,0,,77.11,2.68,81.24,74.01,79.48,-2.98,39.6,-0.6659,41.9,0.58,False,False,False,False,-4.52,2026-03-13
BK,BELOW_MA60,99,⬇ SCHWACH,10.2,10.2,0,,116.17,2.95,123.01,111.04,118.77,-2.19,44.9,-0.1941,30.8,0.65,True,False,False,False,-3.13,2026-03-13
TYL,BELOW_MA60,99,⬇ SCHWACH,9.7,9.7,0,,349.79,4.39,380.5,326.76,393.79,-11.17,46.1,3.1985,24.0,0.46,False,False,False,False,-5.31,2026-03-13
PWR,ABOVE_MA60,99,⬇ SCHWACH,9.4,9.4,0,,559.02,3.85,602.01,526.77,489.69,14.16,58.2,-3.0496,20.2,1.56,True,False,True,False,17.78,2026-03-13
LHX,ABOVE_MA60,99,⬇ SCHWACH,9.3,9.3,0,,358.96,3.21,381.99,341.68,336.89,6.55,52.5,-1.2107,13.0,0.8,False,False,False,False,5.06,2026-03-13
DVA,ABOVE_MA60,99,⬇ SCHWACH,9.3,9.3,0,,150.72,3.65,161.73,142.46,128.63,17.17,57.6,-1.3815,31.0,1.15,True,False,False,False,37.85,2026-03-13
PANW,BELOW_MA60,99,⬇ SCHWACH,8.9,8.9,0,,167.01,3.47,178.61,158.32,172.86,-3.38,56.3,2.7489,33.0,0.47,False,False,False,False,-5.63,2026-03-13
PSA,ABOVE_MA60,99,⬇ SCHWACH,8.8,8.8,0,,297.72,2.57,313.0,286.26,284.94,4.48,48.7,-1.9325,21.6,0.67,True,False,True,False,7.8,2026-03-13
HOLX,ABOVE_MA60,99,⬇ SCHWACH,8.8,8.8,0,,75.12,0.31,75.58,74.77,75.05,0.09,43.7,-0.0496,25.7,1.61,False,False,True,True,0.25,2026-03-13
CVS,RECENT_CROSS,4,⬇ SCHWACH,8.5,8.5,0,,76.13,2.9,80.55,72.81,78.05,-2.46,44.7,-0.3059,17.1,0.58,False,False,False,False,2.16,2026-03-13
AIZ,BELOW_MA60,99,⬇ SCHWACH,8.2,8.2,0,,218.53,2.56,229.73,210.13,231.87,-5.75,40.7,-0.8316,32.2,0.43,False,False,False,False,-7.86,2026-03-13
EXPD,BELOW_MA60,99,⬇ SCHWACH,8.1,8.1,0,,142.55,3.38,152.19,135.32,153.58,-7.18,40.7,-0.1623,42.1,0.39,False,False,False,False,-11.21,2026-03-13
BMY,ABOVE_MA60,99,⬇ SCHWACH,8.1,8.1,0,,59.08,2.22,61.71,57.11,57.31,3.08,46.2,-0.5045,27.5,0.57,True,False,False,False,7.32,2026-03-13
ROP,BELOW_MA60,99,⬇ SCHWACH,7.7,7.7,0,,351.0,2.82,370.81,336.14,387.02,-9.31,45.6,2.4452,26.0,0.88,False,False,False,False,-5.45,2026-03-13
EW,RECENT_CROSS,4,⬇ SCHWACH,7.7,7.7,0,,81.81,3.14,86.95,77.95,83.19,-1.65,46.4,-0.0248,23.8,0.92,False,False,False,False,0.55,2026-03-13
FOXA,BELOW_MA60,99,⬇ SCHWACH,7.6,7.6,0,,57.39,3.4,61.3,54.46,66.27,-13.4,39.6,0.6093,33.5,2.13,False,False,False,False,-20.76,2026-03-13
ES,ABOVE_MA60,99,⬇ SCHWACH,7.3,7.3,0,,73.1,2.16,76.25,70.74,69.68,4.92,53.9,-0.2809,16.4,0.64,False,False,True,False,6.86,2026-03-13
GOOGL,BELOW_MA60,99,⬇ SCHWACH,7.1,7.1,0,,302.28,2.44,317.01,291.23,317.12,-4.68,41.3,0.3105,26.5,0.71,True,False,False,False,-10.51,2026-03-13
GOOG,BELOW_MA60,99,⬇ SCHWACH,7.0,7.0,0,,301.46,2.42,316.07,290.5,317.55,-5.07,40.5,0.2559,27.2,0.82,True,False,False,False,-10.89,2026-03-13
ALL,ABOVE_MA60,99,⬇ SCHWACH,6.9,6.9,0,,206.17,2.24,215.41,199.24,204.5,0.82,48.1,-0.9161,24.3,0.48,False,False,True,False,4.13,2026-03-13
NDAQ,BELOW_MA60,99,⬇ SCHWACH,6.9,6.9,0,,85.53,3.42,91.38,81.15,91.87,-6.9,45.7,0.322,25.0,0.72,False,False,False,False,-11.72,2026-03-13
CBOE,ABOVE_MA60,99,⬇ SCHWACH,6.8,6.8,0,,289.9,2.81,306.22,277.66,272.18,6.51,53.2,-1.8408,35.0,0.86,False,False,False,False,9.64,2026-03-13
Q,ABOVE_MA60,99,⬇ SCHWACH,6.8,6.8,0,,109.05,6.79,123.86,97.94,100.14,8.9,47.8,-1.9468,32.6,0.75,False,False,False,False,13.45,2026-03-13
KEYS,ABOVE_MA60,99,⬇ SCHWACH,6.8,6.8,0,,279.78,6.12,314.0,254.11,235.09,19.01,57.5,-3.1644,29.7,0.8,False,False,False,False,29.33,2026-03-13
AMT,ABOVE_MA60,99,⬇ SCHWACH,6.7,6.7,0,,184.41,2.88,195.03,176.45,179.79,2.57,49.7,-1.1105,19.9,1.03,False,False,False,False,2.86,2026-03-13
CSX,ABOVE_MA60,99,⬇ SCHWACH,6.7,6.7,0,,39.3,2.54,41.3,37.8,38.55,1.94,41.4,-0.5077,49.0,0.94,False,False,False,False,4.42,2026-03-13
TJX,ABOVE_MA60,99,⬇ SCHWACH,6.7,6.7,0,,155.43,2.37,162.8,149.9,155.31,0.08,45.6,-0.5676,22.6,0.56,False,False,True,True,4.04,2026-03-13
UBER,BELOW_MA60,99,⬇ SCHWACH,6.6,6.6,0,,73.33,3.53,78.51,69.44,78.39,-6.46,44.6,0.2075,20.0,0.79,True,False,False,False,-8.39,2026-03-13
FDX,ABOVE_MA60,99,⬇ SCHWACH,6.6,6.6,0,,351.68,2.84,371.68,336.68,334.3,5.2,41.6,-5.8423,50.2,0.97,False,False,False,False,9.58,2026-03-13
AJG,BELOW_MA60,99,⬇ SCHWACH,6.6,6.6,0,,207.93,3.32,221.75,197.57,238.83,-12.94,35.9,-0.6652,32.5,0.66,False,False,False,False,-16.36,2026-03-13
JCI,ABOVE_MA60,99,⬇ SCHWACH,6.5,6.5,0,,130.16,3.13,138.3,124.06,126.84,2.62,40.9,-2.0961,45.8,0.73,False,False,False,False,9.14,2026-03-13
FAST,ABOVE_MA60,99,⬇ SCHWACH,6.3,6.3,0,,45.46,2.63,47.85,43.67,44.12,3.04,48.3,-0.1844,18.3,0.73,True,False,False,False,4.84,2026-03-13
MCK,ABOVE_MA60,99,⬇ SCHWACH,6.3,6.3,0,,940.91,2.38,985.71,907.31,879.22,7.02,52.5,-7.4265,25.8,0.73,False,False,False,False,13.29,2026-03-13
HSY,ABOVE_MA60,99,⬇ SCHWACH,6.3,6.3,0,,217.09,2.23,226.78,209.82,204.76,6.02,46.1,-2.9659,33.6,0.5,False,False,False,False,12.2,2026-03-13
DGX,ABOVE_MA60,99,⬇ SCHWACH,6.2,6.2,0,,199.7,2.29,208.85,192.84,190.3,4.94,47.9,-1.7644,31.7,0.6,False,False,False,False,6.77,2026-03-13
PEP,ABOVE_MA60,99,⬇ SCHWACH,6.2,6.2,0,,159.88,1.92,166.03,155.27,153.33,4.27,48.3,-1.2438,26.4,0.66,False,False,False,False,5.0,2026-03-13
HON,ABOVE_MA60,99,⬇ SCHWACH,6.2,6.2,0,,234.5,2.5,246.23,225.7,222.34,5.47,47.9,-1.99,29.0,0.8,False,False,False,False,3.58,2026-03-13
GLW,ABOVE_MA60,99,⬇ SCHWACH,6.1,6.1,0,,129.12,7.58,148.69,114.44,111.84,15.45,48.6,-3.5091,27.1,0.47,False,False,False,False,25.29,2026-03-13
JNJ,ABOVE_MA60,99,⬇ SCHWACH,6.1,6.1,0,,241.52,1.84,250.41,234.85,226.16,6.79,54.5,-1.4153,18.7,0.71,True,False,True,False,6.84,2026-03-13
DOC,ABOVE_MA60,99,⬇ SCHWACH,6.1,6.1,0,,16.98,2.51,17.83,16.34,16.87,0.67,45.6,-0.0678,27.9,0.67,True,False,False,False,-0.89,2026-03-13
AMAT,ABOVE_MA60,99,⬇ SCHWACH,6.1,6.1,0,,341.53,5.05,376.0,315.68,318.89,7.1,48.6,-4.9725,26.8,0.68,False,False,False,False,6.09,2026-03-13
FTNT,ABOVE_MA60,99,⬇ SCHWACH,6.1,6.1,0,,83.44,3.38,89.08,79.21,80.63,3.49,54.8,0.3654,24.1,0.58,False,False,False,False,2.68,2026-03-13
CPAY,RECENT_CROSS,4,⬇ SCHWACH,6.0,6.0,0,,317.53,3.92,342.43,298.85,323.82,-1.94,44.4,-2.0101,32.6,0.9,False,False,False,False,0.92,2026-03-13
TPR,ABOVE_MA60,99,⬇ SCHWACH,5.9,5.9,0,,142.1,3.85,153.03,133.9,138.8,2.38,43.5,-2.2705,31.9,0.41,False,False,False,False,12.27,2026-03-13
PLTR,BELOW_MA60,99,⬇ SCHWACH,5.9,5.9,0,,150.95,4.34,164.05,141.13,159.54,-5.39,53.2,2.2482,33.0,0.77,False,False,False,False,2.97,2026-03-13
KDP,BELOW_MA60,99,⬇ SCHWACH,5.9,5.9,0,,27.41,2.73,28.91,26.29,28.27,-3.04,38.7,-0.3322,44.1,0.9,False,False,False,False,-0.11,2026-03-13
FIS,BELOW_MA60,99,⬇ SCHWACH,5.8,5.8,0,,49.7,3.46,53.14,47.12,56.72,-12.38,43.0,0.4807,21.9,0.52,False,False,False,False,-9.27,2026-03-13
MRK,ABOVE_MA60,99,⬇ SCHWACH,5.8,5.8,0,,115.61,2.61,121.64,111.09,113.0,2.31,44.7,-1.0583,27.8,0.69,False,False,False,False,4.84,2026-03-13
PFE,ABOVE_MA60,99,⬇ SCHWACH,5.6,5.6,0,,26.58,2.27,27.78,25.68,26.04,2.08,47.0,-0.0887,13.5,0.88,True,False,True,False,0.53,2026-03-13
CMCSA,ABOVE_MA60,99,⬇ SCHWACH,5.6,5.6,0,,30.16,2.84,31.87,28.88,29.6,1.9,43.4,-0.2488,23.8,0.71,True,False,False,False,1.38,2026-03-13
CDW,BELOW_MA60,99,⬇ SCHWACH,5.4,5.4,0,,116.16,4.41,126.4,108.48,129.71,-10.45,35.0,-0.6921,35.5,0.79,False,False,False,False,-7.63,2026-03-13
NWS,BELOW_MA60,99,⬇ SCHWACH,5.4,5.4,0,,26.76,2.53,28.11,25.74,28.52,-6.17,46.0,0.1719,20.4,0.57,False,False,False,False,-13.64,2026-03-13
LMT,ABOVE_MA60,99,⬇ SCHWACH,5.4,5.4,0,,646.0,3.1,686.01,615.99,587.2,10.01,52.4,-5.1716,25.8,0.63,True,False,False,False,2.39,2026-03-13
BKNG,BELOW_MA60,99,⬇ SCHWACH,5.1,5.1,0,,4241.26,4.0,4580.76,3986.63,4803.95,-11.71,44.1,37.6489,21.6,0.37,False,False,False,False,-15.01,2026-03-13
PYPL,BELOW_MA60,99,⬇ SCHWACH,5.1,5.1,0,,44.9,4.26,48.73,42.03,50.92,-11.83,45.0,0.3409,16.3,0.51,False,False,False,False,-14.53,2026-03-13
ORCL,BELOW_MA60,99,⬇ SCHWACH,5.0,5.0,0,,155.11,5.43,171.97,142.47,170.64,-9.1,48.5,2.1739,22.5,0.9,True,False,False,False,-5.75,2026-03-13
AMD,BELOW_MA60,99,⬇ SCHWACH,5.0,5.0,0,,193.39,4.9,212.36,179.16,215.31,-10.18,41.8,0.4451,17.2,0.76,True,False,False,False,-18.31,2026-03-13
IBM,BELOW_MA60,99,⬇ SCHWACH,4.9,4.9,0,,246.28,3.31,262.6,234.04,280.55,-12.22,40.7,1.9751,21.3,0.58,False,False,False,False,-19.24,2026-03-13
NWSA,BELOW_MA60,99,⬇ SCHWACH,4.9,4.9,0,,23.7,2.49,24.88,22.81,25.06,-5.42,45.6,0.0885,16.4,0.86,False,False,False,True,-11.95,2026-03-13
GWW,BELOW_MA60,99,⬇ SCHWACH,4.8,4.8,0,,1073.94,2.59,1129.47,1032.29,1085.06,-1.03,37.9,-9.5379,31.7,0.58,True,False,False,False,-0.37,2026-03-13
CRM,BELOW_MA60,99,⬇ SCHWACH,4.8,4.8,0,,192.83,4.58,210.49,179.59,220.83,-12.68,44.4,1.9016,26.3,1.0,False,False,False,False,-9.17,2026-03-13
EA,BELOW_MA60,99,⬇ SCHWACH,4.7,4.7,0,,199.24,0.79,202.37,196.89,202.22,-1.48,43.4,-0.0641,16.1,0.53,False,False,True,True,-2.2,2026-03-13
AMZN,BELOW_MA60,99,⬇ SCHWACH,4.5,4.5,0,,207.67,2.71,218.92,199.23,224.22,-7.38,41.3,0.8356,18.1,0.66,False,False,False,False,-13.22,2026-03-13
NOC,ABOVE_MA60,99,⬇ SCHWACH,4.5,4.5,0,,733.71,3.01,777.84,700.61,666.77,10.04,55.4,-3.8005,21.4,0.42,False,False,False,False,6.33,2026-03-13
CI,BELOW_MA60,99,⬇ SCHWACH,4.5,4.5,0,,267.19,2.84,282.35,255.82,277.33,-3.66,40.3,-2.4585,45.8,0.8,False,False,False,False,-1.99,2026-03-13
FOX,BELOW_MA60,99,⬇ SCHWACH,4.3,4.3,0,,52.03,2.99,55.14,49.7,59.7,-12.85,38.3,0.4725,29.8,1.83,False,False,False,False,-20.22,2026-03-13
PTC,BELOW_MA60,99,⬇ SCHWACH,4.1,4.1,0,,155.89,3.04,165.38,148.77,163.61,-4.72,44.3,0.1755,20.6,0.6,False,False,False,False,-0.15,2026-03-13
CAH,ABOVE_MA60,99,⬇ SCHWACH,3.7,3.7,0,,217.08,2.43,227.64,209.16,214.27,1.31,46.5,-1.4546,17.1,0.84,False,False,False,False,1.02,2026-03-13
GRMN,ABOVE_MA60,99,⬇ SCHWACH,3.7,3.7,0,,233.52,3.43,249.56,221.49,217.23,7.5,50.4,-2.8022,37.3,0.25,False,False,False,False,16.25,2026-03-13
SJM,ABOVE_MA60,99,⬇ SCHWACH,3.6,3.6,0,,106.08,3.64,113.79,100.29,104.27,1.74,43.9,-1.073,15.3,0.79,False,False,False,False,2.18,2026-03-13
SBAC,BELOW_MA60,99,⬇ SCHWACH,3.4,3.4,0,,188.04,2.94,199.09,179.76,189.55,-0.8,44.9,-1.5242,22.7,0.57,False,False,False,False,2.83,2026-03-13
UNP,CROSSOVER_DOWN,99,⬇ SCHWACH,3.3,3.3,0,,242.44,2.41,254.11,233.69,243.05,-0.25,35.1,-3.4526,54.1,0.71,False,False,False,False,3.66,2026-03-13
FIX,ABOVE_MA60,99,⬇ SCHWACH,3.2,3.2,0,,1365.34,5.68,1520.55,1248.93,1183.58,15.36,53.2,-15.3629,22.0,0.49,True,False,False,False,19.61,2026-03-13
ICE,BELOW_MA60,99,⬇ SCHWACH,3.2,3.2,0,,159.2,2.72,167.86,152.71,164.03,-2.94,45.3,-0.1095,28.3,0.43,False,False,False,False,-8.39,2026-03-13
MA,BELOW_MA60,99,⬇ SCHWACH,3.2,3.2,0,,497.99,2.25,520.4,481.18,540.8,-7.92,34.8,-1.1367,31.2,0.62,True,False,False,False,-7.57,2026-03-13
DE,ABOVE_MA60,99,⬇ SCHWACH,3.2,3.2,0,,577.5,2.87,610.7,552.6,545.74,5.82,43.9,-8.9,31.0,0.63,False,False,False,False,9.38,2026-03-13
O,ABOVE_MA60,99,⬇ SCHWACH,3.1,3.1,0,,64.44,1.86,66.83,62.64,61.34,5.06,49.9,-0.4241,25.2,0.81,False,False,False,False,5.79,2026-03-13
SCHW,BELOW_MA60,99,⬇ SCHWACH,3.1,3.1,0,,93.06,2.75,98.17,89.23,98.94,-5.94,41.7,-0.1111,34.2,0.98,False,False,False,False,-10.15,2026-03-13
TSN,BELOW_MA60,99,⬇ SCHWACH,3.1,3.1,0,,60.32,2.24,63.02,58.29,61.12,-1.32,41.1,-0.4281,38.1,0.66,False,False,False,False,-6.92,2026-03-13
TDY,ABOVE_MA60,99,⬇ SCHWACH,3.1,3.1,0,,638.91,2.9,675.97,611.12,604.52,5.69,44.1,-7.3316,33.1,0.69,False,False,False,False,3.0,2026-03-13
NTRS,BELOW_MA60,99,⬇ SCHWACH,3.0,3.0,0,,136.92,3.47,146.41,129.8,143.61,-4.66,40.5,-0.655,28.3,0.84,False,False,False,False,-7.86,2026-03-13
AME,BELOW_MA60,99,⬇ SCHWACH,2.9,2.9,0,,214.49,2.95,227.14,205.0,221.05,-2.97,34.9,-2.8039,40.2,0.55,False,False,False,False,-4.24,2026-03-13
PLD,BELOW_MA60,99,⬇ SCHWACH,2.9,2.9,0,,131.75,2.55,138.48,126.7,133.2,-1.09,37.8,-1.3466,37.4,0.66,False,False,False,False,0.91,2026-03-13
ESS,BELOW_MA60,99,⬇ SCHWACH,2.8,2.8,0,,249.95,2.38,261.86,241.02,254.97,-1.97,41.9,-0.8467,27.2,0.68,True,False,False,True,-0.76,2026-03-13
FRT,ABOVE_MA60,99,⬇ SCHWACH,2.8,2.8,0,,104.49,2.06,108.8,101.26,103.74,0.73,41.9,-0.6772,31.4,0.39,False,False,False,False,3.29,2026-03-13
CHD,ABOVE_MA60,99,⬇ SCHWACH,2.8,2.8,0,,97.75,2.35,102.35,94.3,94.16,3.82,42.8,-1.0345,27.5,1.08,False,False,False,False,1.87,2026-03-13
C,BELOW_MA60,99,⬇ SCHWACH,2.8,2.8,0,,105.69,4.07,114.3,99.23,114.77,-7.91,39.1,-0.5499,32.9,0.72,False,False,False,False,-8.18,2026-03-13
PFG,BELOW_MA60,99,⬇ SCHWACH,2.8,2.8,0,,85.83,3.39,91.65,81.47,91.02,-5.7,33.3,-0.9532,41.3,0.71,False,False,False,False,-8.57,2026-03-13
AIG,BELOW_MA60,99,⬇ SCHWACH,2.8,2.8,0,,76.74,2.39,80.4,73.99,78.61,-2.38,43.3,-0.4395,27.4,0.65,True,False,False,False,2.48,2026-03-13
AMGN,ABOVE_MA60,99,⬇ SCHWACH,2.7,2.7,0,,366.21,2.62,385.36,351.85,350.68,4.43,47.7,-2.809,20.7,0.59,True,False,False,False,7.86,2026-03-13
SPG,BELOW_MA60,99,⬇ SCHWACH,2.7,2.7,0,,186.82,2.24,195.2,180.54,188.99,-1.15,37.5,-1.8684,35.2,0.62,False,False,False,False,-1.22,2026-03-13
L,ABOVE_MA60,99,⬇ SCHWACH,2.6,2.6,0,,108.02,1.95,112.23,104.86,106.97,0.98,45.2,-0.4298,20.9,0.44,True,False,False,True,2.38,2026-03-13
HST,BELOW_MA60,99,⬇ SCHWACH,2.5,2.5,0,,18.51,3.37,19.76,17.58,18.91,-2.12,38.6,-0.1953,26.9,0.71,False,False,False,False,-0.11,2026-03-13
WTW,BELOW_MA60,99,⬇ SCHWACH,2.3,2.3,0,,289.54,2.47,303.86,278.8,314.77,-8.01,40.2,-0.5301,27.6,0.38,False,False,False,False,-8.8,2026-03-13
BRO,BELOW_MA60,99,⬇ SCHWACH,2.3,2.3,0,,68.26,2.72,71.98,65.47,74.7,-8.62,38.5,-0.1319,30.0,0.44,False,False,False,False,-5.11,2026-03-13
GL,BELOW_MA60,99,⬇ SCHWACH,2.3,2.3,0,,138.46,2.29,144.81,133.7,141.76,-2.33,37.2,-0.8074,26.5,0.51,False,False,False,False,-1.26,2026-03-13
MSFT,BELOW_MA60,99,⬇ SCHWACH,2.2,2.2,0,,395.55,2.24,413.28,382.25,437.8,-9.65,38.9,2.173,15.6,0.76,False,False,False,False,-7.86,2026-03-13
NTAP,BELOW_MA60,99,⬇ SCHWACH,2.0,2.0,0,,98.66,3.51,105.58,93.47,102.78,-4.0,46.2,-0.1724,11.8,0.62,True,False,False,False,2.4,2026-03-13
AON,BELOW_MA60,99,⬇ SCHWACH,2.0,2.0,0,,321.41,2.56,337.88,309.06,338.38,-5.01,43.3,-1.007,28.5,0.58,False,False,False,False,-8.07,2026-03-13
LVS,BELOW_MA60,99,⬇ SCHWACH,1.9,1.9,0,,53.68,3.33,57.25,51.0,59.13,-9.21,37.7,-0.0822,33.9,0.44,False,False,False,False,2.33,2026-03-13
AMP,BELOW_MA60,99,⬇ SCHWACH,1.7,1.7,0,,442.08,3.36,471.75,419.83,491.31,-10.02,34.9,-2.3599,47.1,0.58,False,False,False,False,-15.9,2026-03-13
GD,CROSSOVER_DOWN,99,⬇ SCHWACH,1.7,1.7,0,,351.52,2.54,369.41,338.1,352.66,-0.32,46.3,-0.5689,19.4,0.78,False,False,True,True,0.12,2026-03-13
TROW,BELOW_MA60,99,⬇ SCHWACH,1.6,1.6,0,,88.59,2.66,93.3,85.06,99.87,-11.3,32.5,-0.2428,50.9,1.07,False,False,False,False,-16.17,2026-03-13
WRB,BELOW_MA60,99,⬇ SCHWACH,1.6,1.6,0,,68.76,2.31,71.94,66.38,69.55,-1.14,44.0,-0.395,23.4,0.68,False,False,False,False,0.39,2026-03-13
XYL,BELOW_MA60,99,⬇ SCHWACH,1.5,1.5,0,,119.88,2.65,126.22,115.12,134.27,-10.72,30.7,-0.5059,41.7,0.91,False,False,False,False,-12.75,2026-03-13
LH,BELOW_MA60,99,⬇ SCHWACH,1.3,1.3,0,,263.8,2.41,276.52,254.26,268.11,-1.61,38.8,-2.8142,44.8,0.56,False,False,False,False,-2.6,2026-03-13
KVUE,BELOW_MA60,99,⬇ SCHWACH,1.2,1.2,0,,17.49,2.08,18.22,16.95,17.63,-0.77,38.6,-0.1952,45.8,0.39,False,False,False,False,1.67,2026-03-13
ABT,BELOW_MA60,99,⬇ SCHWACH,1.2,1.2,0,,108.03,2.15,112.67,104.55,116.43,-7.21,36.8,-0.4353,29.7,0.85,False,False,False,False,-1.16,2026-03-13
ISRG,BELOW_MA60,99,⬇ SCHWACH,1.1,1.1,0,,472.16,2.92,499.71,451.5,524.6,-10.0,34.7,-0.894,28.7,1.4,True,False,False,False,-6.36,2026-03-13
SMCI,BELOW_MA60,99,⬇ SCHWACH,1.1,1.1,0,,30.75,5.61,34.2,28.16,31.06,-1.0,46.3,-0.1214,11.9,0.73,True,False,False,False,5.63,2026-03-13
JPM,BELOW_MA60,99,⬇ SCHWACH,1.1,1.1,0,,283.44,2.79,299.27,271.57,309.41,-8.39,32.3,-1.5147,45.7,0.86,False,False,False,False,-7.34,2026-03-13
EG,BELOW_MA60,99,⬇ SCHWACH,1.1,1.1,0,,320.36,2.32,335.2,309.23,329.72,-2.84,37.7,-2.0829,48.7,0.44,False,False,False,False,-2.69,2026-03-13
DIS,BELOW_MA60,99,⬇ SCHWACH,1.0,1.0,0,,99.29,2.27,103.81,95.9,108.73,-8.68,32.8,-0.3293,49.9,0.84,False,False,False,False,-11.98,2026-03-13
ROL,BELOW_MA60,99,⬇ SCHWACH,1.0,1.0,0,,55.13,2.63,58.04,52.95,60.7,-9.18,28.9,-0.4534,47.0,0.52,False,False,False,False,-12.7,2026-03-13
PGR,BELOW_MA60,99,⬇ SCHWACH,1.0,1.0,0,,205.17,2.25,214.4,198.25,208.52,-1.6,46.4,-0.5524,28.2,0.82,False,False,False,False,-1.36,2026-03-13
CPT,BELOW_MA60,99,⬇ SCHWACH,1.0,1.0,0,,100.61,2.26,105.15,97.2,107.93,-6.78,29.1,-0.9078,43.5,0.58,False,False,False,False,-7.74,2026-03-13
GEV,ABOVE_MA60,99,⬇ SCHWACH,0.9,0.9,0,,805.02,4.82,882.56,746.86,740.4,8.73,48.6,-9.4261,22.9,0.98,False,False,False,False,10.83,2026-03-13
J,BELOW_MA60,99,⬇ SCHWACH,0.9,0.9,0,,128.06,3.37,136.7,121.58,136.94,-6.48,37.5,-0.9364,36.1,0.62,False,False,False,False,-5.08,2026-03-13
PG,BELOW_MA60,99,⬇ SCHWACH,0.8,0.8,0,,150.65,2.19,157.26,145.69,151.13,-0.32,38.8,-1.7048,31.7,0.45,False,False,False,False,-0.74,2026-03-13
VLTO,BELOW_MA60,99,⬇ SCHWACH,0.8,0.8,0,,90.2,2.33,94.4,87.05,97.5,-7.49,35.6,-0.3883,30.4,0.4,False,False,False,False,-8.87,2026-03-13
TDG,BELOW_MA60,99,⬇ SCHWACH,0.8,0.8,0,,1214.66,2.75,1281.43,1164.58,1335.51,-9.05,28.7,-7.3988,38.1,1.23,False,False,False,False,-14.91,2026-03-13
EQR,BELOW_MA60,99,⬇ SCHWACH,0.8,0.8,0,,59.99,2.36,62.82,57.87,62.2,-3.55,34.5,-0.4309,36.3,0.5,False,False,False,False,-3.74,2026-03-13
MRSH,BELOW_MA60,99,⬇ SCHWACH,0.7,0.7,0,,172.15,2.37,180.29,166.04,181.89,-5.36,36.6,-1.2213,27.2,0.57,False,False,False,False,-8.52,2026-03-13
LLY,BELOW_MA60,99,⬇ SCHWACH,0.7,0.7,0,,985.08,2.78,1039.85,944.0,1042.65,-5.52,42.7,-2.9896,14.4,0.54,False,False,False,False,-4.86,2026-03-13
MSCI,BELOW_MA60,99,⬇ SCHWACH,0.7,0.7,0,,547.9,3.09,581.73,522.53,568.17,-3.57,45.6,-1.0819,21.1,0.8,False,False,False,False,-9.71,2026-03-13
HAL,ABOVE_MA60,99,⬇ SCHWACH,0.6,0.6,0,,33.69,3.77,36.23,31.79,32.65,3.2,45.3,-0.2017,17.5,1.15,False,False,False,False,0.99,2026-03-13
V,BELOW_MA60,99,⬇ SCHWACH,0.6,0.6,0,,307.14,2.17,320.46,297.15,330.22,-6.99,35.1,-0.5966,29.3,0.6,False,False,False,False,-4.37,2026-03-13
MAA,BELOW_MA60,99,⬇ SCHWACH,0.5,0.5,0,,126.32,2.17,131.81,122.2,134.13,-5.82,30.1,-0.838,32.5,0.39,False,False,False,False,-5.94,2026-03-13
INVH,BELOW_MA60,99,⬇ SCHWACH,0.5,0.5,0,,24.99,2.43,26.2,24.08,26.65,-6.21,35.3,-0.1097,29.5,0.94,False,False,False,False,-6.51,2026-03-13
WBD,BELOW_MA60,99,⬇ SCHWACH,0.1,0.1,0,,27.14,1.24,27.81,26.64,28.24,-3.91,35.8,-0.1474,42.7,0.99,False,False,False,False,-1.45,2026-03-13
ABBV,CROSSOVER_DOWN,99,⬇ SCHWACH,0.0,0.0,0,,219.68,2.65,231.3,210.96,224.46,-2.13,39.6,-1.2408,21.6,0.49,False,False,False,False,-1.49,2026-03-13
WAB,CROSSOVER_DOWN,99,⬇ SCHWACH,0.0,0.0,0,,236.76,2.78,249.9,226.9,237.04,-0.12,33.4,-3.7268,45.0,0.48,False,False,False,False,3.0,2026-03-13
AFL,BELOW_MA60,99,⬇ SCHWACH,0.0,0.0,0,,108.71,1.92,112.88,105.58,110.94,-2.01,37.2,-0.5567,24.7,0.6,False,False,False,False,-1.5,2026-03-13
HIG,BELOW_MA60,99,⬇ SCHWACH,0.0,0.0,0,,132.93,2.1,138.52,128.73,136.92,-2.91,33.6,-1.0889,26.2,1.46,False,False,False,False,-1.16,2026-03-13
VICI,BELOW_MA60,99,⬇ SCHWACH,0.0,0.0,0,,28.42,2.43,29.8,27.38,28.74,-1.13,36.9,-0.2397,41.1,1.0,False,False,False,False,1.21,2026-03-13
ORLY,BELOW_MA60,99,⬇ SCHWACH,0.0,0.0,0,,91.54,2.46,96.05,88.16,94.25,-2.88,39.8,-0.0977,16.6,0.82,True,False,False,True,-6.98,2026-03-13
MTCH,BELOW_MA60,99,⬇ SCHWACH,0.0,0.0,0,,30.79,3.58,32.99,29.14,31.49,-2.23,48.2,-0.0473,10.0,1.37,False,False,False,False,-1.16,2026-03-13
CDNS,BELOW_MA60,99,⬇ SCHWACH,0.0,0.0,0,,287.03,3.85,309.11,270.47,304.51,-5.74,43.2,-0.562,17.5,0.59,False,False,False,False,-3.15,2026-03-13
BIIB,CROSSOVER_DOWN,99,⬇ SCHWACH,0.0,0.0,0,,181.55,3.14,192.94,173.0,182.37,-0.45,43.2,-1.2495,14.3,1.12,False,False,False,False,0.92,2026-03-13
BRK-B,BELOW_MA60,99,⬇ SCHWACH,0.0,0.0,0,,490.03,1.85,508.19,476.41,494.82,-0.97,46.0,-0.4671,13.7,0.45,False,False,False,False,1.98,2026-03-13
RSG,ABOVE_MA60,99,⬇ SCHWACH,0.0,0.0,0,,224.28,1.92,232.91,217.81,218.15,2.81,50.5,-0.7379,21.5,0.66,False,False,False,False,4.27,2026-03-13
ACGL,BELOW_MA60,99,⬇ SCHWACH,0.0,0.0,0,,93.47,2.1,97.4,90.52,96.24,-2.88,35.0,-0.7857,31.5,0.64,False,False,False,False,-2.68,2026-03-13
AAPL,BELOW_MA60,99,⬇ SCHWACH,0.0,0.0,0,,250.12,2.42,262.22,241.05,264.27,-5.35,34.6,-1.4619,29.3,0.78,False,False,False,False,-3.52,2026-03-13
TKO,BELOW_MA60,99,⬇ SCHWACH,0.0,0.0,0,,194.57,4.52,212.18,181.36,208.01,-6.46,37.2,-2.363,28.4,1.04,False,False,False,False,-3.95,2026-03-13
TSLA,BELOW_MA60,99,⬇ SCHWACH,0.0,0.0,0,,391.2,3.43,418.07,371.04,430.05,-9.03,40.0,-0.0206,24.8,0.98,True,False,False,False,-9.11,2026-03-13
STT,BELOW_MA60,99,⬇ SCHWACH,0.0,0.0,0,,121.34,3.67,130.25,114.65,128.99,-5.93,40.3,-0.535,34.5,0.56,False,False,False,False,-7.27,2026-03-13
UDR,BELOW_MA60,99,⬇ SCHWACH,0.0,0.0,0,,35.41,2.4,37.11,34.13,36.97,-4.23,31.8,-0.2709,44.4,0.6,False,False,False,False,-4.68,2026-03-13
AZO,CROSSOVER_DOWN,99,⬇ SCHWACH,0.0,0.0,0,,3562.85,3.44,3807.69,3379.22,3601.17,-1.06,42.5,-21.278,13.9,0.65,False,False,False,False,-3.82,2026-03-13
AVB,BELOW_MA60,99,⬇ SCHWACH,0.0,0.0,0,,168.96,2.19,176.37,163.41,177.81,-4.98,34.4,-0.9309,36.6,0.76,False,False,False,False,-4.9,2026-03-13
